id,first_name,last_name,email,gender
1,Filmer,Yule,fyule0@engadget.com,Male
2,Cherey,Newvell,cnewvell1@mlb.com,Female
3,Norri,Gipson,ngipson2@apple.com,Bigender
4,Redford,Kingaby,rkingaby3@columbia.edu,Male
5,Ruthanne,Orteu,rorteu4@mysql.com,Female
6,Guss,Skidmore,gskidmore5@live.com,Male
7,Andrej,Boddy,aboddy6@ifeng.com,Male
8,Nevile,Viel,nviel7@sfgate.com,Male
9,Rachelle,Pickard,rpickard8@accuweather.com,Female
10,Elsy,Husband,ehusband9@jiathis.com,Female
11,Karylin,Scala,kscalaa@bloomberg.com,Female
12,Harvey,Goudge,hgoudgeb@shop-pro.jp,Male
13,Shellysheldon,Makepeace,smakepeacec@ustream.tv,Male
14,Willem,Lomasna,wlomasnad@tamu.edu,Male
15,Flo,Dedham,fdedhame@yahoo.com,Female
16,Samuele,Birbeck,sbirbeckf@google.co.jp,Male
17,Marilin,Denington,mdeningtong@bbc.co.uk,Female
18,Desirae,Samms,dsammsh@bloomberg.com,Female
19,Margaretha,Batisse,mbatissei@printfriendly.com,Female
20,April,Bronot,abronotj@prlog.org,Female
21,Axe,Gockeler,agockelerk@ihg.com,Male
22,Kylynn,Romagosa,kromagosal@uol.com.br,Female
23,Madelaine,Dodd,mdoddm@lulu.com,Female
24,Kristoffer,Nussen,knussenn@tripadvisor.com,Male
25,Florina,Aysik,faysiko@msu.edu,Female
26,Meier,Hedden,mheddenp@lulu.com,Male
27,Tabby,Leaf,tleafq@dmoz.org,Genderfluid
28,Den,Skocroft,dskocroftr@biblegateway.com,Male
29,Lynna,Ducker,lduckers@blogspot.com,Female
30,Angelle,Creech,acreecht@patch.com,Female
31,Hal,Cobbing,hcobbingu@merriam-webster.com,Male
32,Amitie,Tailby,atailbyv@smugmug.com,Female
33,Orazio,Stapley,ostapleyw@w3.org,Male
34,Tye,Oliveira,toliveirax@weather.com,Male
35,Olga,Brute,obrutey@ovh.net,Female
36,Clea,Vye,cvyez@tuttocitta.it,Female
37,Korney,Weekley,kweekley10@ox.ac.uk,Female
38,Orion,Figgs,ofiggs11@so-net.ne.jp,Male
39,Stavros,Paunton,spaunton12@jigsy.com,Male
40,Dynah,Lindbergh,dlindbergh13@who.int,Female
41,Valerie,Van der Mark,vvandermark14@seesaa.net,Female
42,Olive,Ovitts,oovitts15@biglobe.ne.jp,Female
43,Eldon,Bovaird,ebovaird16@cafepress.com,Male
44,Odille,Robrose,orobrose17@soup.io,Female
45,Garner,Edgeson,gedgeson18@wunderground.com,Male
46,Fanni,Hadley,fhadley19@google.com.hk,Female
47,Jessalyn,Scrange,jscrange1a@bbb.org,Female
48,Roddy,Castaner,rcastaner1b@mashable.com,Male
49,Aigneis,Onthank,aonthank1c@sourceforge.net,Female
50,Emelyne,Phethean,ephethean1d@wikipedia.org,Female
51,Dory,Vasilov,dvasilov1e@freewebs.com,Female
52,Jacquie,Twells,jtwells1f@ucla.edu,Female
53,Damiano,Pierrepoint,dpierrepoint1g@house.gov,Male
54,Orelie,Heaney,oheaney1h@state.tx.us,Female
55,Gay,Plowright,gplowright1i@etsy.com,Male
56,Lars,Gilluley,lgilluley1j@cisco.com,Male
57,Drusilla,Gosson,dgosson1k@eepurl.com,Female
58,Oswald,Menendez,omenendez1l@sun.com,Male
59,Hollie,Desantis,hdesantis1m@reverbnation.com,Female
60,Cesar,Reeder,creeder1n@chron.com,Male
61,Tandie,Ahmad,tahmad1o@eventbrite.com,Female
62,Tris,Corderoy,tcorderoy1p@storify.com,Male
63,Joey,Ledson,jledson1q@people.com.cn,Male
64,Ray,Dimblebee,rdimblebee1r@patch.com,Female
65,Davida,Kiddle,dkiddle1s@twitpic.com,Female
66,Whittaker,Grandison,wgrandison1t@buzzfeed.com,Male
67,Dillie,Barthot,dbarthot1u@cdbaby.com,Agender
68,Siusan,Gratland,sgratland1v@cbsnews.com,Female
69,Cheryl,Lymbourne,clymbourne1w@intel.com,Bigender
70,Alethea,Klus,aklus1x@t.co,Female
71,Marylee,Pfaffel,mpfaffel1y@vistaprint.com,Female
72,Ardine,Swanton,aswanton1z@alexa.com,Female
73,Noami,Pennoni,npennoni20@berkeley.edu,Female
74,Ilene,Tawn,itawn21@bigcartel.com,Female
75,Flinn,Foy,ffoy22@pinterest.com,Polygender
76,James,Guillart,jguillart23@toplist.cz,Male
77,Ramona,Pifford,rpifford24@plala.or.jp,Female
78,Lia,Eastment,leastment25@godaddy.com,Female
79,Salvatore,Doles,sdoles26@technorati.com,Male
80,Vania,Mallya,vmallya27@oracle.com,Female
81,Del,Lackney,dlackney28@whitehouse.gov,Female
82,Branden,Bonelle,bbonelle29@sourceforge.net,Male
83,Evvie,Eskriet,eeskriet2a@deviantart.com,Female
84,Jarrett,Hamnet,jhamnet2b@blogtalkradio.com,Male
85,Blaine,Kobierzycki,bkobierzycki2c@wsj.com,Male
86,Manya,Atthowe,matthowe2d@pbs.org,Female
87,Rachael,McCarle,rmccarle2e@sbwire.com,Female
88,Neill,Linacre,nlinacre2f@sphinn.com,Male
89,Joni,Bogey,jbogey2g@yellowbook.com,Female
90,Josefina,Tomney,jtomney2h@telegraph.co.uk,Non-binary
91,Mersey,Faley,mfaley2i@eepurl.com,Female
92,Gan,Wight,gwight2j@amazon.de,Male
93,Merna,Dioniso,mdioniso2k@earthlink.net,Female
94,Jone,Scopham,jscopham2l@springer.com,Male
95,Fionna,Dosdell,fdosdell2m@twitpic.com,Female
96,Stephanie,Children,schildren2n@behance.net,Female
97,George,Kinkade,gkinkade2o@tmall.com,Male
98,Wilmar,Potebury,wpotebury2p@ycombinator.com,Male
99,Lowe,Yegorkov,lyegorkov2q@sourceforge.net,Male
100,Donnamarie,Kraft,dkraft2r@wikia.com,Agender
101,Calv,Denyukin,cdenyukin2s@newyorker.com,Male
102,Fair,Hache,fhache2t@bbc.co.uk,Male
103,Pavia,Josebury,pjosebury2u@topsy.com,Female
104,Martie,Abarough,mabarough2v@topsy.com,Male
105,Irv,Deners,ideners2w@cbslocal.com,Male
106,Reuben,Kleen,rkleen2x@eepurl.com,Male
107,Veradis,Ciubutaro,vciubutaro2y@blogs.com,Female
108,Alexei,Simonett,asimonett2z@angelfire.com,Agender
109,Torre,Tetther,ttetther30@omniture.com,Male
110,Brook,Rosencwaig,brosencwaig31@hp.com,Male
111,Cedric,Wiffill,cwiffill32@reddit.com,Male
112,Rozelle,Burdge,rburdge33@washington.edu,Female
113,Halimeda,Pischel,hpischel34@marketwatch.com,Female
114,Lockwood,Brunetti,lbrunetti35@flickr.com,Male
115,Wilhelmine,Bauman,wbauman36@umn.edu,Female
116,Chiquia,Glassup,cglassup37@dion.ne.jp,Female
117,Heinrick,Euesden,heuesden38@wunderground.com,Male
118,Fabio,Jobbins,fjobbins39@scribd.com,Male
119,Robby,Jankiewicz,rjankiewicz3a@comsenz.com,Male
120,Murvyn,Whitlow,mwhitlow3b@tinyurl.com,Male
121,Erek,Duffet,eduffet3c@kickstarter.com,Male
122,Shep,Vautrey,svautrey3d@aol.com,Male
123,Emlyn,Mattia,emattia3e@nymag.com,Male
124,Helge,Caseri,hcaseri3f@yellowpages.com,Female
125,Vladamir,Wasling,vwasling3g@so-net.ne.jp,Male
126,Sosanna,Brownell,sbrownell3h@toplist.cz,Female
127,Hernando,Wasielewicz,hwasielewicz3i@tmall.com,Male
128,Clyve,Giacoboni,cgiacoboni3j@fc2.com,Genderqueer
129,Antonius,Leathes,aleathes3k@loc.gov,Male
130,Zaria,Giercke,zgiercke3l@cloudflare.com,Female
131,Adolph,Blacksell,ablacksell3m@msn.com,Male
132,Theobald,Hastilow,thastilow3n@squarespace.com,Male
133,Pearline,Goscomb,pgoscomb3o@go.com,Female
134,Barbee,Drinkhall,bdrinkhall3p@hhs.gov,Female
135,Nelly,Richin,nrichin3q@elpais.com,Female
136,Deb,Crockford,dcrockford3r@histats.com,Female
137,Aura,Remon,aremon3s@theguardian.com,Female
138,Artair,Phair,aphair3t@ow.ly,Male
139,Randene,Mabee,rmabee3u@constantcontact.com,Genderqueer
140,Miriam,Skipping,mskipping3v@wikipedia.org,Female
141,Ermin,Ownsworth,eownsworth3w@netvibes.com,Male
142,Pebrook,Pock,ppock3x@alexa.com,Male
143,Morley,Beard,mbeard3y@dell.com,Male
144,Dani,De Giorgis,ddegiorgis3z@t.co,Male
145,Georgianne,Rosi,grosi40@webeden.co.uk,Female
146,Thor,Caltun,tcaltun41@dedecms.com,Male
147,Joshua,Brandli,jbrandli42@nifty.com,Male
148,Tobey,Barabisch,tbarabisch43@ucoz.ru,Female
149,Frederich,Vasilyonok,fvasilyonok44@slashdot.org,Male
150,Mendie,Wankel,mwankel45@meetup.com,Male
151,Denys,Kellogg,dkellogg46@wufoo.com,Female
152,Dniren,Painswick,dpainswick47@istockphoto.com,Female
153,Horatius,Liptrot,hliptrot48@ameblo.jp,Male
154,Erminia,Spacey,espacey49@mapquest.com,Female
155,Frasco,Thewlis,fthewlis4a@guardian.co.uk,Male
156,Ginny,Sowood,gsowood4b@pinterest.com,Female
157,Dwayne,Clearie,dclearie4c@xing.com,Male
158,Myrilla,Avramovsky,mavramovsky4d@wsj.com,Female
159,Sanford,Kensington,skensington4e@dedecms.com,Male
160,Angelico,O' Neligan,aoneligan4f@csmonitor.com,Male
161,Ab,Stenhouse,astenhouse4g@theatlantic.com,Male
162,Tomas,Aylward,taylward4h@squarespace.com,Male
163,Beverie,Oxnam,boxnam4i@lycos.com,Female
164,Edlin,Gyrgorwicx,egyrgorwicx4j@foxnews.com,Male
165,Lily,Southward,lsouthward4k@google.cn,Female
166,Edmon,Hrynczyk,ehrynczyk4l@instagram.com,Male
167,Annora,Lenox,alenox4m@themeforest.net,Female
168,Leroi,Davidou,ldavidou4n@abc.net.au,Male
169,Steve,Stachini,sstachini4o@slideshare.net,Male
170,Shandra,Ebrall,sebrall4p@goodreads.com,Female
171,Eleanora,Sumpter,esumpter4q@blogs.com,Female
172,Janella,Belasco,jbelasco4r@shop-pro.jp,Non-binary
173,Moses,Abrahamsen,mabrahamsen4s@hud.gov,Male
174,Hagan,Gooch,hgooch4t@yandex.ru,Male
175,Sherwin,Devenish,sdevenish4u@barnesandnoble.com,Agender
176,Trace,Folks,tfolks4v@clickbank.net,Male
177,Pavel,Orman,porman4w@timesonline.co.uk,Male
178,Beverley,De Bischof,bdebischof4x@mayoclinic.com,Genderfluid
179,Bonita,Mishaw,bmishaw4y@disqus.com,Female
180,Jerry,Musprat,jmusprat4z@joomla.org,Female
181,Reagen,Marston,rmarston50@amazon.de,Male
182,Adolpho,Beaver,abeaver51@cam.ac.uk,Male
183,Joly,De Mattei,jdemattei52@amazon.co.jp,Female
184,Sada,Stoaks,sstoaks53@howstuffworks.com,Non-binary
185,Roxine,McKeeman,rmckeeman54@sbwire.com,Female
186,Ame,Walstow,awalstow55@hhs.gov,Female
187,Fina,McIllrick,fmcillrick56@tripadvisor.com,Female
188,Drucy,Belford,dbelford57@indiatimes.com,Female
189,Red,McNickle,rmcnickle58@netvibes.com,Male
190,Arlana,Wevell,awevell59@examiner.com,Female
191,Tarra,Berzon,tberzon5a@jimdo.com,Female
192,Tessy,Lordon,tlordon5b@redcross.org,Agender
193,Blayne,Swett,bswett5c@elpais.com,Male
194,Veronica,Roma,vroma5d@typepad.com,Female
195,Earle,Gore,egore5e@desdev.cn,Male
196,Roi,Mellmoth,rmellmoth5f@nationalgeographic.com,Male
197,Jacquie,Buntin,jbuntin5g@amazonaws.com,Female
198,Dehlia,Fyrth,dfyrth5h@shop-pro.jp,Female
199,Rockie,Trim,rtrim5i@istockphoto.com,Male
200,Vaughan,Cahalan,vcahalan5j@t.co,Male
201,Caesar,Meiklam,cmeiklam5k@godaddy.com,Male
202,Analise,Larder,alarder5l@liveinternet.ru,Female
203,Lynett,Wearing,lwearing5m@so-net.ne.jp,Female
204,Feliks,Jenicek,fjenicek5n@illinois.edu,Male
205,Jaquenette,Dyte,jdyte5o@gnu.org,Female
206,Germana,Coupman,gcoupman5p@netlog.com,Female
207,Jennette,Brickwood,jbrickwood5q@ucsd.edu,Female
208,Nappy,Fitter,nfitter5r@jugem.jp,Male
209,Antonie,Harmer,aharmer5s@elpais.com,Female
210,Yard,Stonnell,ystonnell5t@accuweather.com,Male
211,Harwilll,Tipping,htipping5u@bigcartel.com,Male
212,Glynnis,Kettoe,gkettoe5v@timesonline.co.uk,Polygender
213,Ashlan,Woolen,awoolen5w@google.com,Female
214,Bartholemy,Micklewright,bmicklewright5x@amazon.co.jp,Male
215,Wendall,Dobsons,wdobsons5y@paginegialle.it,Male
216,Jodi,Brommage,jbrommage5z@unblog.fr,Male
217,Ronnie,Pacey,rpacey60@webnode.com,Male
218,Levi,Dinsell,ldinsell61@columbia.edu,Male
219,Misty,Wildman,mwildman62@liveinternet.ru,Female
220,Wilek,Siene,wsiene63@issuu.com,Male
221,Leontine,Lapidus,llapidus64@discovery.com,Agender
222,Ardenia,Huskinson,ahuskinson65@mysql.com,Female
223,Torry,Milliken,tmilliken66@nyu.edu,Male
224,Eb,Andri,eandri67@pinterest.com,Male
225,Ancell,Pressnell,apressnell68@creativecommons.org,Male
226,Rici,Eddolls,reddolls69@toplist.cz,Female
227,Loren,Egger,legger6a@squarespace.com,Female
228,Sid,Zorzin,szorzin6b@fema.gov,Male
229,Timoteo,Mecozzi,tmecozzi6c@samsung.com,Genderfluid
230,Georges,Marlowe,gmarlowe6d@sfgate.com,Male
231,Janelle,Daffern,jdaffern6e@wordpress.org,Genderfluid
232,Bob,Winders,bwinders6f@fema.gov,Male
233,Sharona,Kitman,skitman6g@about.me,Female
234,Aubine,Cribbin,acribbin6h@loc.gov,Female
235,Griffith,O'Tuohy,gotuohy6i@youtube.com,Male
236,Pet,Cockshtt,pcockshtt6j@flickr.com,Female
237,Tabbie,Goodyer,tgoodyer6k@accuweather.com,Male
238,Tracy,Gerriessen,tgerriessen6l@shutterfly.com,Male
239,Thorsten,Harken,tharken6m@sfgate.com,Male
240,Sissie,Restorick,srestorick6n@ebay.co.uk,Bigender
241,Gino,Cisland,gcisland6o@uiuc.edu,Male
242,Heinrick,Crosi,hcrosi6p@mac.com,Male
243,Cherin,Pedwell,cpedwell6q@squidoo.com,Genderfluid
244,Laetitia,Halstead,lhalstead6r@forbes.com,Female
245,Gardner,McNern,gmcnern6s@weather.com,Male
246,Kathlin,Crab,kcrab6t@list-manage.com,Female
247,Mariele,Leyson,mleyson6u@webmd.com,Female
248,Bobinette,Vile,bvile6v@apache.org,Female
249,Madeline,Keats,mkeats6w@godaddy.com,Female
250,Leola,Tuffield,ltuffield6x@nymag.com,Female
251,Jesselyn,Kerne,jkerne6y@illinois.edu,Female
252,Bo,Gabbitas,bgabbitas6z@hp.com,Male
253,Darwin,Christian,dchristian70@jigsy.com,Male
254,Marijo,Lounds,mlounds71@imdb.com,Female
255,Sheffy,Dunsmuir,sdunsmuir72@rambler.ru,Male
256,Kirsti,Dench,kdench73@odnoklassniki.ru,Female
257,Antony,Crump,acrump74@weather.com,Male
258,Griffy,Liddel,gliddel75@cbslocal.com,Male
259,Johnna,Astles,jastles76@smh.com.au,Female
260,Margalit,Greggs,mgreggs77@shutterfly.com,Female
261,Ogden,Lanning,olanning78@bandcamp.com,Male
262,Ram,Nunan,rnunan79@foxnews.com,Male
263,Branden,Klimp,bklimp7a@home.pl,Male
264,Kaylyn,Estrella,kestrella7b@hhs.gov,Female
265,Nikaniki,Dict,ndict7c@guardian.co.uk,Female
266,Kip,Waltering,kwaltering7d@paypal.com,Male
267,Packston,Jerdon,pjerdon7e@myspace.com,Male
268,Lorrie,Badham,lbadham7f@rakuten.co.jp,Male
269,Hamlen,Birchett,hbirchett7g@marketwatch.com,Male
270,Sapphire,Claridge,sclaridge7h@jugem.jp,Female
271,Kristyn,Gwilliam,kgwilliam7i@cloudflare.com,Female
272,Konstantine,Tapping,ktapping7j@sohu.com,Male
273,Tabby,Crasford,tcrasford7k@ucoz.ru,Male
274,Wilton,Ogus,wogus7l@umich.edu,Male
275,Micky,Jekel,mjekel7m@va.gov,Female
276,Kaine,Dennett,kdennett7n@marriott.com,Male
277,Durand,Wraxall,dwraxall7o@wired.com,Male
278,Valaree,Schapero,vschapero7p@tuttocitta.it,Female
279,Mercedes,Murfill,mmurfill7q@photobucket.com,Female
280,Lurlene,Cannam,lcannam7r@skype.com,Female
281,Andree,Furmston,afurmston7s@chronoengine.com,Genderqueer
282,Tremain,Robertshaw,trobertshaw7t@bbb.org,Male
283,Ellynn,Pinke,epinke7u@miibeian.gov.cn,Female
284,Averill,Melling,amelling7v@cyberchimps.com,Male
285,Pieter,Othen,pothen7w@symantec.com,Male
286,Tessie,Slixby,tslixby7x@webeden.co.uk,Female
287,Pia,Daniely,pdaniely7y@vk.com,Female
288,Jimmie,Sherer,jsherer7z@google.nl,Male
289,Preston,Maddin,pmaddin80@time.com,Male
290,Dael,Pescod,dpescod81@stumbleupon.com,Female
291,Lelia,Eye,leye82@shop-pro.jp,Female
292,Pietra,Seely,pseely83@csmonitor.com,Polygender
293,Amanda,Streatley,astreatley84@si.edu,Female
294,Devland,Carnalan,dcarnalan85@blogspot.com,Male
295,Ulrika,Toland,utoland86@fastcompany.com,Female
296,Phelia,Fawkes,pfawkes87@msn.com,Female
297,Elsey,Oventon,eoventon88@ehow.com,Female
298,Andra,Grzeszczyk,agrzeszczyk89@devhub.com,Female
299,Aubert,Perkins,aperkins8a@shinystat.com,Male
300,Case,Berth,cberth8b@vistaprint.com,Male
301,Arlene,Scotson,ascotson8c@stanford.edu,Female
302,Keefe,Jeenes,kjeenes8d@paginegialle.it,Male
303,Elga,Peddar,epeddar8e@nps.gov,Female
304,Renard,Tabbitt,rtabbitt8f@hp.com,Male
305,Danya,James,djames8g@chron.com,Female
306,Tammara,Salzberger,tsalzberger8h@myspace.com,Female
307,Loren,Purbrick,lpurbrick8i@weebly.com,Female
308,Emma,Luebbert,eluebbert8j@jalbum.net,Female
309,Bendick,Blanchflower,bblanchflower8k@microsoft.com,Male
310,Tania,Currington,tcurrington8l@angelfire.com,Female
311,Rodolfo,Sudy,rsudy8m@biglobe.ne.jp,Male
312,Eleen,O' Liddy,eoliddy8n@geocities.jp,Female
313,Paten,Maryska,pmaryska8o@parallels.com,Male
314,Kermit,Corringham,kcorringham8p@drupal.org,Male
315,Alejoa,Chapleo,achapleo8q@tumblr.com,Male
316,Blithe,Quadrio,bquadrio8r@1und1.de,Bigender
317,Bryn,Ellsbury,bellsbury8s@sourceforge.net,Female
318,Franchot,Rosekilly,frosekilly8t@mapy.cz,Male
319,Cherida,Brekonridge,cbrekonridge8u@surveymonkey.com,Female
320,Calida,Dorrington,cdorrington8v@nationalgeographic.com,Female
321,Lorrayne,Beddo,lbeddo8w@163.com,Female
322,Jeanine,Billyard,jbillyard8x@house.gov,Female
323,Alvis,Cummine,acummine8y@istockphoto.com,Male
324,Conny,St Clair,cstclair8z@google.com.au,Genderqueer
325,Xerxes,Casino,xcasino90@elegantthemes.com,Male
326,Carmine,Grouvel,cgrouvel91@cdbaby.com,Male
327,Flin,Matusovsky,fmatusovsky92@epa.gov,Male
328,Irvine,Hambrook,ihambrook93@jimdo.com,Male
329,Clayborn,Chastenet,cchastenet94@hc360.com,Male
330,Theodora,MacGuigan,tmacguigan95@pen.io,Female
331,Tadeo,Meddows,tmeddows96@usda.gov,Male
332,Ilise,Aked,iaked97@unc.edu,Female
333,Xavier,Yitshak,xyitshak98@histats.com,Male
334,Lodovico,Janeczek,ljaneczek99@disqus.com,Male
335,Pebrook,Pickford,ppickford9a@twitpic.com,Male
336,Paxton,Sporle,psporle9b@mediafire.com,Male
337,Marthena,Dauby,mdauby9c@nbcnews.com,Agender
338,Nancey,Gerhartz,ngerhartz9d@cbslocal.com,Female
339,Putnam,Berks,pberks9e@timesonline.co.uk,Male
340,Reinhold,Pink,rpink9f@smh.com.au,Male
341,Zane,Loddon,zloddon9g@facebook.com,Male
342,Keith,Dablin,kdablin9h@yale.edu,Genderqueer
343,Yale,Sarney,ysarney9i@mtv.com,Male
344,Gabie,Martinek,gmartinek9j@forbes.com,Female
345,Sidney,Work,swork9k@freewebs.com,Male
346,Yoko,Scough,yscough9l@wikimedia.org,Agender
347,Alejoa,Robotham,arobotham9m@mediafire.com,Male
348,Rancell,Vitall,rvitall9n@deliciousdays.com,Male
349,Nicol,Jaqueminet,njaqueminet9o@artisteer.com,Male
350,Erasmus,Zorener,ezorener9p@nature.com,Male
351,Iona,Fyldes,ifyldes9q@clickbank.net,Female
352,Malva,Bellie,mbellie9r@infoseek.co.jp,Female
353,Annetta,Sicely,asicely9s@washingtonpost.com,Bigender
354,Valerie,Johanchon,vjohanchon9t@godaddy.com,Female
355,Norman,Rivelon,nrivelon9u@ezinearticles.com,Male
356,Bobbe,Matuszkiewicz,bmatuszkiewicz9v@mail.ru,Female
357,Matilde,Ilden,milden9w@tripadvisor.com,Female
358,Denys,Gerriets,dgerriets9x@comcast.net,Male
359,Walton,Jeandin,wjeandin9y@hp.com,Male
360,Hogan,Hidderley,hhidderley9z@chronoengine.com,Male
361,Jaclyn,Barnish,jbarnisha0@tuttocitta.it,Female
362,Debbi,O'Dyvoy,dodyvoya1@wufoo.com,Female
363,Lenci,Biggs,lbiggsa2@google.it,Male
364,Woody,Spowart,wspowarta3@purevolume.com,Male
365,Clementius,Radbond,cradbonda4@google.co.uk,Male
366,Julia,Renzini,jrenzinia5@cafepress.com,Female
367,Merlina,Broggelli,mbroggellia6@wsj.com,Female
368,Cesare,MacKessock,cmackessocka7@cisco.com,Genderfluid
369,Marleen,Shawe,mshawea8@blogs.com,Female
370,Tally,Mensler,tmenslera9@printfriendly.com,Female
371,Michel,ducarme,mducarmeaa@shutterfly.com,Female
372,Barbaraanne,Surman,bsurmanab@auda.org.au,Genderfluid
373,Nehemiah,O'Dowling,nodowlingac@photobucket.com,Male
374,Sheena,Draisey,sdraiseyad@virginia.edu,Female
375,Chan,McWhorter,cmcwhorterae@samsung.com,Male
376,Nana,Tasseler,ntasseleraf@hatena.ne.jp,Female
377,Kale,Cradick,kcradickag@t.co,Male
378,Judah,Roncelli,jroncelliah@wp.com,Male
379,Lindy,Apted,laptedai@marketwatch.com,Male
380,Randie,Bruniges,rbrunigesaj@apache.org,Female
381,Shaun,Bourget,sbourgetak@goo.ne.jp,Male
382,Cherise,Bulled,cbulledal@alibaba.com,Female
383,Alfonso,Lasty,alastyam@mapy.cz,Male
384,Joni,Growy,jgrowyan@prweb.com,Female
385,Barb,Proback,bprobackao@economist.com,Female
386,Granger,Durnian,gdurnianap@bigcartel.com,Male
387,Danit,Affuso,daffusoaq@whitehouse.gov,Female
388,Dorry,D'Avaux,ddavauxar@mapquest.com,Female
389,Clerc,Eykel,ceykelas@topsy.com,Male
390,Rolf,Stubbley,rstubbleyat@europa.eu,Male
391,Tracee,Bolland,tbollandau@cbsnews.com,Female
392,Nikolai,Danbury,ndanburyav@bravesites.com,Male
393,Wallache,Kreber,wkreberaw@blogtalkradio.com,Non-binary
394,Eustacia,holmes,eholmesax@uol.com.br,Female
395,Aprilette,Cannell,acannellay@irs.gov,Female
396,Jedediah,Barbary,jbarbaryaz@stanford.edu,Male
397,Judon,Faull,jfaullb0@illinois.edu,Genderqueer
398,Gustavo,Lundie,glundieb1@state.tx.us,Male
399,Laney,Twiddell,ltwiddellb2@163.com,Female
400,Caz,Ivashov,civashovb3@usatoday.com,Male
401,Anabel,Divell,adivellb4@marketwatch.com,Female
402,Adrien,Barff,abarffb5@youku.com,Male
403,Peria,Satteford,psattefordb6@dailymotion.com,Female
404,Archambault,Herculeson,aherculesonb7@ucoz.ru,Male
405,Cal,Elijah,celijahb8@mapquest.com,Male
406,Barris,Maling,bmalingb9@nsw.gov.au,Male
407,Tomasine,Syred,tsyredba@go.com,Female
408,Flo,Sirmon,fsirmonbb@state.tx.us,Female
409,Stevena,O' Kelleher,sokelleherbc@alexa.com,Female
410,Hendrik,Creyke,hcreykebd@amazon.co.jp,Male
411,Shelley,Chisnell,schisnellbe@salon.com,Female
412,Neala,Purtell,npurtellbf@cloudflare.com,Female
413,Ora,Cogle,ocoglebg@surveymonkey.com,Female
414,Ciro,Bligh,cblighbh@sun.com,Male
415,Felita,Netti,fnettibi@paypal.com,Female
416,Stevena,Walkington,swalkingtonbj@about.com,Non-binary
417,Gonzalo,Forten,gfortenbk@ihg.com,Genderqueer
418,Carlita,Bravey,cbraveybl@rediff.com,Female
419,Colman,Akroyd,cakroydbm@ucla.edu,Male
420,Celisse,Skamell,cskamellbn@ted.com,Polygender
421,Kenyon,Crampsy,kcrampsybo@mediafire.com,Male
422,Delcina,Balcers,dbalcersbp@eepurl.com,Female
423,Salli,Markwick,smarkwickbq@gizmodo.com,Female
424,Lorry,Brayson,lbraysonbr@baidu.com,Male
425,Sharai,Peachey,speacheybs@dropbox.com,Female
426,Rustin,O'Tuohy,rotuohybt@barnesandnoble.com,Male
427,Andra,Skelhorne,askelhornebu@networkadvertising.org,Female
428,Panchito,Catto,pcattobv@auda.org.au,Male
429,Dani,Yakovich,dyakovichbw@wsj.com,Male
430,Moyra,Horstead,mhorsteadbx@google.ca,Female
431,Arlyn,Strachan,astrachanby@joomla.org,Female
432,Obed,Belamy,obelamybz@ox.ac.uk,Male
433,Ax,Mauchlen,amauchlenc0@foxnews.com,Male
434,Creighton,Chislett,cchislettc1@pen.io,Male
435,Mortie,Goodfellowe,mgoodfellowec2@google.it,Male
436,Marty,Robathon,mrobathonc3@xing.com,Genderfluid
437,Bevin,Boggas,bboggasc4@4shared.com,Male
438,Kasper,Guillain,kguillainc5@blogspot.com,Male
439,Findlay,Fontes,ffontesc6@delicious.com,Male
440,Wainwright,Matieu,wmatieuc7@nba.com,Male
441,Sile,Bridle,sbridlec8@japanpost.jp,Female
442,Rickard,Sparke,rsparkec9@devhub.com,Male
443,August,Linck,alinckca@tamu.edu,Male
444,Benji,McGrey,bmcgreycb@cpanel.net,Male
445,Wilbert,Francombe,wfrancombecc@ovh.net,Male
446,Svend,Daniau,sdaniaucd@odnoklassniki.ru,Male
447,Alyda,Hurdle,ahurdlece@geocities.jp,Female
448,Brena,Holgan,bholgancf@canalblog.com,Female
449,Silvie,Extence,sextencecg@odnoklassniki.ru,Female
450,Jedidiah,Valasek,jvalasekch@samsung.com,Male
451,Jefferey,Brereton,jbreretonci@ask.com,Male
452,Marchelle,MacTague,mmactaguecj@virginia.edu,Female
453,Gertrude,Nawton,gnawtonck@wikia.com,Female
454,Arni,Darbyshire,adarbyshirecl@instagram.com,Male
455,Rex,Brugsma,rbrugsmacm@buzzfeed.com,Non-binary
456,Cristine,Yven,cyvencn@ibm.com,Female
457,Normy,Piffe,npiffeco@clickbank.net,Male
458,Josefa,Barby,jbarbycp@comsenz.com,Female
459,Sherri,Reuben,sreubencq@naver.com,Female
460,Debby,Higounet,dhigounetcr@topsy.com,Female
461,Sherie,Cuss,scusscs@washington.edu,Female
462,Nariko,Bunston,nbunstonct@mac.com,Female
463,Rochelle,Swadlin,rswadlincu@over-blog.com,Female
464,Frankie,Stoak,fstoakcv@state.gov,Male
465,Baudoin,Spurdle,bspurdlecw@mediafire.com,Male
466,Ana,Kunzelmann,akunzelmanncx@homestead.com,Female
467,Joceline,Chang,jchangcy@shutterfly.com,Female
468,Harald,Muggleton,hmuggletoncz@wp.com,Male
469,Lazare,Arnaudon,larnaudond0@liveinternet.ru,Male
470,Patty,Kersley,pkersleyd1@springer.com,Male
471,Abbe,Putley,aputleyd2@ed.gov,Male
472,Dotti,Saintsbury,dsaintsburyd3@squarespace.com,Female
473,Issi,Heam,iheamd4@bbc.co.uk,Female
474,Evvie,Beldom,ebeldomd5@paginegialle.it,Female
475,Aliza,Ledward,aledwardd6@mayoclinic.com,Female
476,Dania,Wadforth,dwadforthd7@dedecms.com,Female
477,Reg,Flode,rfloded8@ca.gov,Male
478,Idelle,Feldberger,ifeldbergerd9@w3.org,Female
479,Alden,Commin,acomminda@hatena.ne.jp,Male
480,Beauregard,Simeone,bsimeonedb@fastcompany.com,Male
481,Karoly,Martt,kmarttdc@networkadvertising.org,Female
482,Yetta,Bertouloume,ybertouloumedd@apple.com,Female
483,Starla,Hurworth,shurworthde@princeton.edu,Female
484,Clementius,Livingstone,clivingstonedf@epa.gov,Male
485,Clarice,Nuzzetti,cnuzzettidg@purevolume.com,Female
486,Tammy,Tolcher,ttolcherdh@mapquest.com,Male
487,Thibaut,Flatte,tflattedi@businessweek.com,Male
488,Trevor,Guye,tguyedj@bloomberg.com,Male
489,Prentiss,Opy,popydk@geocities.com,Male
490,Yetty,Gorringe,ygorringedl@google.nl,Female
491,Charmain,Burdett,cburdettdm@ovh.net,Female
492,Melli,Boxill,mboxilldn@pen.io,Female
493,Nola,Roscamps,nroscampsdo@ebay.com,Female
494,Berna,Burmingham,bburminghamdp@intel.com,Female
495,Hakim,Dark,hdarkdq@360.cn,Male
496,Julie,Grindall,jgrindalldr@woothemes.com,Agender
497,Camala,Dionis,cdionisds@omniture.com,Female
498,Irwin,Giacopetti,igiacopettidt@plala.or.jp,Male
499,Dorris,Mindenhall,dmindenhalldu@google.com,Female
500,Randell,Van Brug,rvanbrugdv@networkadvertising.org,Male
501,Cele,Kitcat,ckitcatdw@census.gov,Agender
502,Candy,Lightning,clightningdx@issuu.com,Female
503,Cobby,Mewes,cmewesdy@netscape.com,Male
504,Farris,Queripel,fqueripeldz@bluehost.com,Male
505,Marlena,Mapis,mmapise0@vistaprint.com,Female
506,Eric,Andreev,eandreeve1@ox.ac.uk,Male
507,Deirdre,Burgiss,dburgisse2@icq.com,Female
508,Boycey,Mulqueen,bmulqueene3@umich.edu,Agender
509,Barry,Murie,bmuriee4@myspace.com,Male
510,Angelita,Musgrove,amusgrovee5@hibu.com,Female
511,Adelice,Wholesworth,awholesworthe6@cornell.edu,Female
512,Hardy,Placide,hplacidee7@youtu.be,Male
513,Carma,Shilling,cshillinge8@ycombinator.com,Female
514,Buckie,Magill,bmagille9@washingtonpost.com,Male
515,Homerus,Schimann,hschimannea@furl.net,Male
516,Alvan,Gallelli,agallellieb@scientificamerican.com,Agender
517,Nicol,Klesel,nkleselec@nasa.gov,Male
518,Quentin,Orrock,qorrocked@mozilla.org,Male
519,Thea,Peagrim,tpeagrimee@facebook.com,Female
520,Thorstein,D'Elias,tdeliasef@latimes.com,Male
521,Justinn,Sabathier,jsabathiereg@pen.io,Female
522,Belicia,Esbrook,besbrookeh@booking.com,Agender
523,Paulita,Booley,pbooleyei@spotify.com,Genderfluid
524,Dermot,Elves,delvesej@goodreads.com,Male
525,Rolfe,Wrathmall,rwrathmallek@slashdot.org,Male
526,Tabby,Michell,tmichellel@who.int,Male
527,Dacey,Everly,deverlyem@google.pl,Female
528,Carolus,Bahde,cbahdeen@51.la,Male
529,Imogene,Teape,iteapeeo@miitbeian.gov.cn,Non-binary
530,Nils,Greenside,ngreensideep@indiegogo.com,Male
531,L;urette,Gotfrey,lgotfreyeq@squarespace.com,Female
532,Rebeca,Seczyk,rseczyker@goo.ne.jp,Female
533,Pen,Gillinghams,pgillinghamses@github.io,Male
534,Gris,Kinchin,gkinchinet@tamu.edu,Male
535,Maury,Bowich,mbowicheu@friendfeed.com,Male
536,Dwayne,Collum,dcollumev@sciencedirect.com,Genderqueer
537,Ky,Radsdale,kradsdaleew@princeton.edu,Male
538,Dane,Haydock,dhaydockex@aboutads.info,Male
539,Erika,Othick,eothickey@ovh.net,Female
540,Gilberto,Bickford,gbickfordez@wikia.com,Male
541,Gus,Goodlake,ggoodlakef0@psu.edu,Male
542,Fraser,Valentetti,fvalentettif1@adobe.com,Male
543,Odelle,Clemits,oclemitsf2@histats.com,Female
544,Bryana,Zmitrovich,bzmitrovichf3@nbcnews.com,Female
545,Clarie,Skirvin,cskirvinf4@guardian.co.uk,Bigender
546,North,Meneely,nmeneelyf5@xing.com,Male
547,Jeanna,McNulty,jmcnultyf6@friendfeed.com,Female
548,Krisha,Godlip,kgodlipf7@theguardian.com,Male
549,Adolphe,Hammerman,ahammermanf8@mit.edu,Male
550,Felipa,Grassin,fgrassinf9@addthis.com,Female
551,Aluin,Ratnage,aratnagefa@bravesites.com,Male
552,Raff,Kinmond,rkinmondfb@jugem.jp,Male
553,Evey,Vann,evannfc@eventbrite.com,Female
554,Frans,Moroney,fmoroneyfd@t.co,Male
555,Jerrilyn,Laimable,jlaimablefe@dot.gov,Female
556,Sheffield,Sheard,ssheardff@zimbio.com,Male
557,Ofella,Coope,ocoopefg@tumblr.com,Female
558,Peggy,Lunam,plunamfh@europa.eu,Female
559,Harriette,Allan,hallanfi@techcrunch.com,Non-binary
560,Barret,Issard,bissardfj@behance.net,Male
561,Solomon,Lenham,slenhamfk@goo.gl,Male
562,Christan,Windmill,cwindmillfl@clickbank.net,Female
563,Erica,Comusso,ecomussofm@globo.com,Female
564,Torre,Ivens,tivensfn@who.int,Male
565,Dimitry,Insoll,dinsollfo@psu.edu,Male
566,Arney,Pavlasek,apavlasekfp@ebay.co.uk,Male
567,Kassie,Gilham,kgilhamfq@jalbum.net,Female
568,Electra,Lawson,elawsonfr@stumbleupon.com,Genderfluid
569,Bibby,Cumpsty,bcumpstyfs@slate.com,Female
570,Isidor,Insall,iinsallft@angelfire.com,Male
571,Tressa,Constance,tconstancefu@blogger.com,Female
572,Brice,Menichino,bmenichinofv@dedecms.com,Male
573,Selie,Jaumet,sjaumetfw@networkadvertising.org,Female
574,Michal,Zammett,mzammettfx@cnn.com,Male
575,Sallyanne,Hodge,shodgefy@sina.com.cn,Female
576,Anne,Faughey,afaugheyfz@illinois.edu,Female
577,Adrian,Decort,adecortg0@wiley.com,Female
578,Rayner,Charer,rcharerg1@t-online.de,Male
579,Latisha,Kemet,lkemetg2@dyndns.org,Female
580,Waylin,Womack,wwomackg3@google.pl,Male
581,Ervin,Humphery,ehumpheryg4@jigsy.com,Male
582,Garold,Flores,gfloresg5@edublogs.org,Male
583,Farica,Noore,fnooreg6@google.nl,Female
584,Catha,Inman,cinmang7@scientificamerican.com,Female
585,Basil,Carradice,bcarradiceg8@mtv.com,Male
586,Gael,Schoolcroft,gschoolcroftg9@chronoengine.com,Male
587,Kimbra,Robers,krobersga@cargocollective.com,Female
588,Dave,Marflitt,dmarflittgb@booking.com,Male
589,Lorraine,Lanktree,llanktreegc@gizmodo.com,Female
590,Daffie,Tomasoni,dtomasonigd@hc360.com,Bigender
591,Tabbitha,Martinovsky,tmartinovskyge@joomla.org,Female
592,Trumaine,Roe,troegf@who.int,Male
593,Nellie,Feldheim,nfeldheimgg@google.com.au,Female
594,Myles,Bonafacino,mbonafacinogh@cocolog-nifty.com,Male
595,Alane,Shevelin,ashevelingi@webnode.com,Female
596,Marti,Tame,mtamegj@reverbnation.com,Female
597,Erna,Advani,eadvanigk@networkadvertising.org,Female
598,Renato,Spall,rspallgl@toplist.cz,Genderfluid
599,Avrom,Faiers,afaiersgm@qq.com,Male
600,Storm,Nisuis,snisuisgn@mapy.cz,Female
601,Alejandro,Ben,abengo@indiatimes.com,Male
602,Doris,Greenrod,dgreenrodgp@theglobeandmail.com,Female
603,Bastien,Haxley,bhaxleygq@usatoday.com,Male
604,Abraham,Kempston,akempstongr@desdev.cn,Male
605,Alexandr,Code,acodegs@cdc.gov,Male
606,Ardeen,Arnely,aarnelygt@google.com.hk,Female
607,Ann-marie,Ganing,aganinggu@psu.edu,Female
608,Bran,Pauel,bpauelgv@vk.com,Male
609,Micky,Booi,mbooigw@github.com,Female
610,Caesar,Larway,clarwaygx@tmall.com,Male
611,Meier,Newlands,mnewlandsgy@gov.uk,Male
612,Farlie,Alenin,faleningz@tuttocitta.it,Male
613,Jameson,Blatherwick,jblatherwickh0@google.com,Male
614,Gilli,MacCarlich,gmaccarlichh1@ask.com,Genderqueer
615,Yulma,Durman,ydurmanh2@nih.gov,Male
616,Aggi,Oddy,aoddyh3@bloomberg.com,Female
617,Jaymie,Mathivon,jmathivonh4@lulu.com,Bigender
618,Ramona,Sharplin,rsharplinh5@chronoengine.com,Female
619,Nate,Middlemist,nmiddlemisth6@hao123.com,Male
620,Marnia,Perham,mperhamh7@whitehouse.gov,Female
621,Cointon,Hooke,chookeh8@cafepress.com,Male
622,Lorne,Pennycook,lpennycookh9@chicagotribune.com,Female
623,Valida,Argile,vargileha@jalbum.net,Female
624,Roy,Basillon,rbasillonhb@github.io,Male
625,Bernadina,Spitaro,bspitarohc@soundcloud.com,Female
626,Mandie,Gleed,mgleedhd@reuters.com,Bigender
627,Lucretia,Barkus,lbarkushe@unc.edu,Female
628,Sallyanne,Cutriss,scutrisshf@wunderground.com,Female
629,Laurent,Brolly,lbrollyhg@timesonline.co.uk,Male
630,Tracey,Waplington,twaplingtonhh@census.gov,Male
631,Rozele,Ellse,rellsehi@homestead.com,Female
632,Sib,Caghy,scaghyhj@marketwatch.com,Female
633,Lorne,Saffen,lsaffenhk@mail.ru,Male
634,Griz,Gawen,ggawenhl@shinystat.com,Male
635,Juliann,Trodd,jtroddhm@ebay.co.uk,Female
636,Lainey,Widdup,lwidduphn@hibu.com,Female
637,Dukie,Ower,dowerho@wp.com,Male
638,Gabriello,Housbie,ghousbiehp@sourceforge.net,Male
639,Mehetabel,Jerrans,mjerranshq@nymag.com,Female
640,Aaron,Punt,apunthr@addthis.com,Male
641,Joeann,Waiting,jwaitinghs@mac.com,Female
642,Gertrude,Kellie,gkellieht@aol.com,Female
643,Donnie,Wrenn,dwrennhu@canalblog.com,Male
644,Jeramie,McInally,jmcinallyhv@bloglines.com,Male
645,Gwendolin,Matthews,gmatthewshw@printfriendly.com,Female
646,Marleen,Somersett,msomersetthx@dropbox.com,Female
647,Ilene,Hanselman,ihanselmanhy@businessinsider.com,Female
648,Flynn,Linggard,flinggardhz@sourceforge.net,Male
649,Cherry,Smaridge,csmaridgei0@answers.com,Female
650,Constantin,Echallie,cechalliei1@ustream.tv,Male
651,Giovanna,Goolden,ggooldeni2@biglobe.ne.jp,Female
652,Valentijn,Welbrock,vwelbrocki3@ocn.ne.jp,Male
653,Ruperto,Neagle,rneaglei4@mapy.cz,Male
654,Fabe,Hearons,fhearonsi5@unicef.org,Male
655,Serge,Vokins,svokinsi6@yelp.com,Male
656,Jasper,Sharrem,jsharremi7@hao123.com,Male
657,Christy,Wingeatt,cwingeatti8@t-online.de,Female
658,Lilia,Backler,lbackleri9@prnewswire.com,Female
659,Gerald,Epelett,gepelettia@vk.com,Male
660,Ring,Dugget,rduggetib@4shared.com,Male
661,Norri,Belliss,nbellissic@nhs.uk,Female
662,Arlen,Barg,abargid@goo.ne.jp,Male
663,Hester,Millan,hmillanie@shareasale.com,Female
664,Gussie,Brodley,gbrodleyif@latimes.com,Female
665,Ronda,Plan,rplanig@nifty.com,Female
666,De witt,Andreas,dandreasih@csmonitor.com,Male
667,Callie,Briztman,cbriztmanii@accuweather.com,Female
668,Melany,McCallister,mmccallisterij@delicious.com,Female
669,Rosaleen,Engeham,rengehamik@ow.ly,Polygender
670,Claude,Gooderick,cgooderickil@elegantthemes.com,Female
671,Babita,Devoy,bdevoyim@npr.org,Female
672,Thomasa,Gibbetts,tgibbettsin@statcounter.com,Female
673,Conroy,Gosart,cgosartio@redcross.org,Male
674,Marty,Gopsell,mgopsellip@accuweather.com,Female
675,Hatti,Samways,hsamwaysiq@prweb.com,Female
676,Deane,Welford,dwelfordir@wix.com,Female
677,Pansie,Geater,pgeateris@drupal.org,Female
678,Barnabe,Cosgrove,bcosgroveit@hubpages.com,Male
679,Sara,Enriques,senriquesiu@vkontakte.ru,Female
680,Benita,Smorfit,bsmorfitiv@spotify.com,Female
681,Ellie,Hawkins,ehawkinsiw@theglobeandmail.com,Female
682,Aigneis,Alvis,aalvisix@businesswire.com,Female
683,Clemens,Mathis,cmathisiy@squarespace.com,Male
684,Brigham,Veltmann,bveltmanniz@mediafire.com,Male
685,Sam,Filyakov,sfilyakovj0@yolasite.com,Male
686,Marlowe,Eede,meedej1@examiner.com,Male
687,Berky,Emsden,bemsdenj2@answers.com,Male
688,Duky,Durbin,ddurbinj3@bing.com,Male
689,Carrie,Durnall,cdurnallj4@alexa.com,Female
690,Lauren,Tristram,ltristramj5@mashable.com,Male
691,Eleen,Convery,econveryj6@webmd.com,Female
692,Bennie,Purton,bpurtonj7@ebay.com,Female
693,Korrie,Lotze,klotzej8@fda.gov,Female
694,Phyllys,Tipton,ptiptonj9@devhub.com,Female
695,Winnah,Pohlak,wpohlakja@rakuten.co.jp,Female
696,Jacquie,Januszewski,jjanuszewskijb@ucla.edu,Female
697,Poppy,Bront,pbrontjc@timesonline.co.uk,Female
698,Emmanuel,Biesinger,ebiesingerjd@telegraph.co.uk,Male
699,Barnebas,Dobrovsky,bdobrovskyje@alexa.com,Male
700,Herby,Millott,hmillottjf@flavors.me,Male
701,Barrie,Comar,bcomarjg@reddit.com,Male
702,Cosimo,Yearn,cyearnjh@guardian.co.uk,Male
703,Kelwin,Strickland,kstricklandji@java.com,Male
704,Carry,Liggons,cliggonsjj@4shared.com,Female
705,Karlie,Hutchins,khutchinsjk@weather.com,Female
706,Jervis,Gimbrett,jgimbrettjl@slashdot.org,Male
707,Jammie,Stanaway,jstanawayjm@prweb.com,Female
708,Layton,Barkhouse,lbarkhousejn@people.com.cn,Male
709,Farr,Ivshin,fivshinjo@wisc.edu,Male
710,Carmine,Blindt,cblindtjp@usa.gov,Agender
711,Wilmette,Plinck,wplinckjq@webs.com,Female
712,Jeramey,Alans,jalansjr@google.nl,Male
713,Bessy,Applegate,bapplegatejs@wsj.com,Female
714,Elmer,Foro,eforojt@bing.com,Male
715,Carce,McGoon,cmcgoonju@netscape.com,Male
716,Augustine,Mackrell,amackrelljv@latimes.com,Male
717,Friedrich,Lenahan,flenahanjw@360.cn,Male
718,Fredia,Naptin,fnaptinjx@wufoo.com,Female
719,Brunhilda,Leet,bleetjy@yellowbook.com,Female
720,Tripp,Cowx,tcowxjz@goo.gl,Male
721,Marco,Clissett,mclissettk0@google.ca,Male
722,Cliff,Lyburn,clyburnk1@google.nl,Male
723,Lazare,Halsall,lhalsallk2@tinyurl.com,Male
724,Candida,Wixey,cwixeyk3@cdbaby.com,Female
725,Gilly,Isard,gisardk4@drupal.org,Female
726,Catherina,Adamkiewicz,cadamkiewiczk5@oaic.gov.au,Female
727,Hillard,Sawford,hsawfordk6@weibo.com,Male
728,Shanna,Laweles,slawelesk7@nbcnews.com,Female
729,Tim,Brafferton,tbraffertonk8@npr.org,Male
730,Clint,Christley,cchristleyk9@howstuffworks.com,Male
731,Jewell,Kocher,jkocherka@ted.com,Non-binary
732,Candida,Baraclough,cbaracloughkb@google.es,Female
733,Marlo,Antonio,mantoniokc@joomla.org,Male
734,Bab,Mattson,bmattsonkd@tamu.edu,Bigender
735,Cristen,Vipan,cvipanke@oracle.com,Female
736,Lori,MacTrustam,lmactrustamkf@ucoz.ru,Female
737,Tamas,Savaage,tsavaagekg@businesswire.com,Male
738,Oliver,Macknish,omacknishkh@patch.com,Male
739,Anny,Doctor,adoctorki@bing.com,Genderfluid
740,Isidora,Foux,ifouxkj@slideshare.net,Female
741,Ruddie,Elington,relingtonkk@hibu.com,Male
742,David,Durrad,ddurradkl@timesonline.co.uk,Male
743,Zacharie,Caughte,zcaughtekm@virginia.edu,Male
744,Morey,Buttrick,mbuttrickkn@dailymotion.com,Male
745,Jaquenette,Drewe,jdreweko@newyorker.com,Female
746,Damaris,Breinlein,dbreinleinkp@woothemes.com,Female
747,Henri,Whittles,hwhittleskq@google.com.hk,Male
748,Marianna,Theml,mthemlkr@yolasite.com,Female
749,Zoe,O'Concannon,zoconcannonks@google.com.hk,Female
750,Gustave,Seine,gseinekt@hhs.gov,Male
751,Belva,Bradwell,bbradwellku@bbc.co.uk,Female
752,Ced,Rosoni,crosonikv@edublogs.org,Male
753,Thurston,Salerg,tsalergkw@qq.com,Bigender
754,Jobina,Stephens,jstephenskx@issuu.com,Female
755,Urbano,Niles,unilesky@cbslocal.com,Bigender
756,Milena,Tricker,mtrickerkz@so-net.ne.jp,Bigender
757,Sidney,McLauchlin,smclauchlinl0@ca.gov,Male
758,Shoshana,Leopard,sleopardl1@cbslocal.com,Female
759,Any,Gosz,agoszl2@yale.edu,Male
760,Gib,Conquest,gconquestl3@cocolog-nifty.com,Male
761,Maryann,Danilchenko,mdanilchenkol4@nationalgeographic.com,Female
762,Myrta,Dunkley,mdunkleyl5@sitemeter.com,Female
763,Brook,Le Noir,blenoirl6@paypal.com,Male
764,Orran,Lappine,olappinel7@over-blog.com,Male
765,Sib,Mussington,smussingtonl8@dell.com,Female
766,Allx,Huckle,ahucklel9@wikispaces.com,Female
767,Krista,McClintock,kmcclintockla@ezinearticles.com,Non-binary
768,Barnabas,Churching,bchurchinglb@chicagotribune.com,Male
769,Kevan,Bes,kbeslc@cornell.edu,Male
770,Coralyn,Grane,cgraneld@hud.gov,Female
771,Kalila,Bilbrooke,kbilbrookele@qq.com,Female
772,Christean,Klemps,cklempslf@auda.org.au,Female
773,Alicea,Disney,adisneylg@arstechnica.com,Female
774,Sande,Nolleau,snolleaulh@indiatimes.com,Female
775,Francyne,Potten,fpottenli@zimbio.com,Female
776,Irma,Stoyles,istoyleslj@mozilla.com,Female
777,Myrvyn,Hadny,mhadnylk@cisco.com,Male
778,Betsey,Grent,bgrentll@prweb.com,Female
779,Ignacio,Rottger,irottgerlm@g.co,Male
780,Barny,Trundle,btrundleln@mysql.com,Genderfluid
781,Geralda,Borit,gboritlo@craigslist.org,Female
782,Adam,De Mitris,ademitrislp@goo.gl,Male
783,Rudd,Mccaull,rmccaulllq@jalbum.net,Male
784,Hallsy,Bourgaize,hbourgaizelr@fotki.com,Male
785,Konrad,Tembridge,ktembridgels@theguardian.com,Male
786,Carolan,Wilds,cwildslt@unblog.fr,Female
787,Fanni,Kencott,fkencottlu@constantcontact.com,Genderqueer
788,Claribel,McRoberts,cmcrobertslv@wufoo.com,Female
789,Delphine,Klazenga,dklazengalw@intel.com,Female
790,Cristionna,Godbert,cgodbertlx@icq.com,Female
791,Karia,Sooley,ksooleyly@google.pl,Female
792,Leona,Dresche,ldreschelz@nps.gov,Female
793,Vanya,Kernan,vkernanm0@youtu.be,Bigender
794,Torey,Emslie,temsliem1@apache.org,Genderqueer
795,Thorstein,Ramplee,trampleem2@nifty.com,Male
796,Elsy,Van der Kruis,evanderkruism3@dell.com,Female
797,Cammy,Millsap,cmillsapm4@sbwire.com,Male
798,Talbot,Davys,tdavysm5@stanford.edu,Male
799,Derron,Torn,dtornm6@addtoany.com,Male
800,Roselle,Duce,rducem7@whitehouse.gov,Female
801,Craggie,Solomon,csolomonm8@disqus.com,Male
802,Susan,Wannes,swannesm9@purevolume.com,Bigender
803,Christoffer,Tointon,ctointonma@mashable.com,Male
804,Matthias,Fayers,mfayersmb@dmoz.org,Male
805,Fifine,Cahalan,fcahalanmc@census.gov,Genderfluid
806,Roscoe,Hendriksen,rhendriksenmd@xinhuanet.com,Male
807,Tomasine,Boltwood,tboltwoodme@newsvine.com,Female
808,Neysa,O' Shea,nosheamf@marketwatch.com,Female
809,Rodrick,Stairmond,rstairmondmg@pbs.org,Male
810,Sher,Fridaye,sfridayemh@prweb.com,Bigender
811,Rayner,Diglin,rdiglinmi@berkeley.edu,Male
812,Sybille,Pizzey,spizzeymj@ucoz.ru,Female
813,Dennet,Heineking,dheinekingmk@ft.com,Male
814,Zuzana,Brunger,zbrungerml@acquirethisname.com,Female
815,Dalis,Capp,dcappmm@nyu.edu,Male
816,Margret,Pynn,mpynnmn@weebly.com,Female
817,Myles,Kneale,mknealemo@amazon.de,Male
818,Gearard,Posthill,gposthillmp@phoca.cz,Male
819,Hasheem,MacCahey,hmaccaheymq@soup.io,Male
820,Kora,Woodeson,kwoodesonmr@meetup.com,Female
821,Torrie,Shackleton,tshackletonms@bloomberg.com,Female
822,Flo,Backler,fbacklermt@virginia.edu,Female
823,Carol,Barchrameev,cbarchrameevmu@jigsy.com,Female
824,Wright,Claworth,wclaworthmv@wunderground.com,Male
825,Nerti,McLeish,nmcleishmw@skype.com,Female
826,Crista,Domokos,cdomokosmx@ihg.com,Female
827,Ham,McColm,hmccolmmy@mayoclinic.com,Male
828,Norbie,Addinall,naddinallmz@ocn.ne.jp,Male
829,Rochette,Juleff,rjuleffn0@springer.com,Female
830,Lynn,Fleckno,lflecknon1@cnn.com,Female
831,Cindie,Halligan,challigann2@gmpg.org,Female
832,Jenilee,Glencrosche,jglencroschen3@printfriendly.com,Genderfluid
833,Johannah,Piggford,jpiggfordn4@cyberchimps.com,Female
834,Kenon,Beathem,kbeathemn5@ucoz.com,Male
835,Dyanne,Spare,dsparen6@twitpic.com,Female
836,Burlie,Stollhofer,bstollhofern7@apple.com,Male
837,Ellerey,Whitham,ewhithamn8@loc.gov,Male
838,Daisie,Jurczak,djurczakn9@purevolume.com,Female
839,Melantha,Oldroyde,moldroydena@nasa.gov,Polygender
840,Aristotle,Cudworth,acudworthnb@rediff.com,Male
841,Burlie,Durrett,bdurrettnc@naver.com,Male
842,Gordon,Adamthwaite,gadamthwaitend@prlog.org,Male
843,Jarid,Ennor,jennorne@loc.gov,Bigender
844,Holt,Wason,hwasonnf@paginegialle.it,Male
845,Rosalyn,Drackford,rdrackfordng@foxnews.com,Female
846,Hartley,Ciardo,hciardonh@theatlantic.com,Male
847,Nichols,Gabrieli,ngabrielini@cpanel.net,Agender
848,Minny,Frediani,mfredianinj@networkadvertising.org,Female
849,Jacinthe,Kemm,jkemmnk@state.tx.us,Female
850,Leonardo,Tuff,ltuffnl@ihg.com,Male
851,Cherice,Ryland,crylandnm@usa.gov,Female
852,Ardisj,Lambart,alambartnn@ow.ly,Female
853,Malachi,Pittham,mpitthamno@ebay.com,Male
854,Danice,Ely,delynp@i2i.jp,Female
855,Ilyssa,Hought,ihoughtnq@paypal.com,Female
856,Caitrin,Digan,cdigannr@senate.gov,Female
857,Hermy,Stephenson,hstephensonns@gov.uk,Male
858,Iorgos,Tarquini,itarquinint@latimes.com,Male
859,Papagena,Grier,pgriernu@icio.us,Female
860,Hermann,Yearn,hyearnnv@constantcontact.com,Male
861,Kissee,Stollenbecker,kstollenbeckernw@auda.org.au,Female
862,Nani,Feander,nfeandernx@lulu.com,Female
863,Axel,Simson,asimsonny@sogou.com,Male
864,Silvester,McMeekan,smcmeekannz@walmart.com,Male
865,Stepha,Matushevitz,smatushevitzo0@cnet.com,Female
866,Nolana,Rawe,nraweo1@npr.org,Female
867,Allin,Kitchenham,akitchenhamo2@addthis.com,Male
868,Hattie,Hackwell,hhackwello3@behance.net,Female
869,Nathanil,Dacey,ndaceyo4@ed.gov,Male
870,Leif,Hannaway,lhannawayo5@fda.gov,Male
871,Carlye,Petrelli,cpetrellio6@noaa.gov,Female
872,Tynan,McUre,tmcureo7@123-reg.co.uk,Male
873,Sullivan,Thelwll,sthelwllo8@cbc.ca,Male
874,Gerrard,MacNeilly,gmacneillyo9@sogou.com,Male
875,Guinna,Gouthier,ggouthieroa@sitemeter.com,Polygender
876,Allissa,Srawley,asrawleyob@ft.com,Female
877,Flin,Ditter,fditteroc@dell.com,Male
878,Inger,Threader,ithreaderod@digg.com,Female
879,Briano,Blanche,bblancheoe@wsj.com,Male
880,Duff,Dellenty,ddellentyof@weather.com,Male
881,Ignatius,Iban,iibanog@purevolume.com,Male
882,Schuyler,Restorick,srestorickoh@blogs.com,Male
883,Saunderson,Garrity,sgarrityoi@de.vu,Male
884,Milt,Goch,mgochoj@cdc.gov,Male
885,Antoni,Espinay,aespinayok@usnews.com,Male
886,Keelia,Coverley,kcoverleyol@dailymail.co.uk,Female
887,Francine,Serjeantson,fserjeantsonom@java.com,Female
888,Sindee,Thresh,sthreshon@auda.org.au,Female
889,Wally,Bernolet,wbernoletoo@wikispaces.com,Female
890,Alverta,Croxton,acroxtonop@wordpress.org,Female
891,Doralia,McClurg,dmcclurgoq@chicagotribune.com,Female
892,Melba,Hazelden,mhazeldenor@google.co.jp,Female
893,Krystyna,Pfaffel,kpfaffelos@nasa.gov,Female
894,Hinze,Haylor,hhaylorot@hao123.com,Male
895,Arlyn,Skeene,askeeneou@netlog.com,Polygender
896,Abie,Phillipp,aphillippov@homestead.com,Male
897,Ami,Lisle,alisleow@51.la,Female
898,Delora,Dreigher,ddreigherox@goo.gl,Female
899,Reider,McGall,rmcgalloy@nhs.uk,Male
900,Annaliese,Jamson,ajamsonoz@friendfeed.com,Female
901,Leticia,Colvie,lcolviep0@discovery.com,Female
902,Wendeline,Cainey,wcaineyp1@t.co,Female
903,Prescott,Hutchcraft,phutchcraftp2@google.com.hk,Male
904,Gaylor,Edmonds,gedmondsp3@yellowbook.com,Male
905,Averyl,Arstall,aarstallp4@slashdot.org,Female
906,Ambrosio,Tudgay,atudgayp5@pen.io,Male
907,Sly,Joplin,sjoplinp6@dmoz.org,Male
908,Erina,Perch,eperchp7@slate.com,Female
909,Braden,Glackin,bglackinp8@lulu.com,Male
910,Thatcher,Dalby,tdalbyp9@cdbaby.com,Male
911,Cody,Upchurch,cupchurchpa@issuu.com,Female
912,Ase,Lamas,alamaspb@sfgate.com,Male
913,Rhonda,Peake,rpeakepc@rambler.ru,Female
914,Eimile,Blackney,eblackneypd@virginia.edu,Female
915,Zak,Tremoille,ztremoillepe@eventbrite.com,Male
916,Morgan,Ruddlesden,mruddlesdenpf@indiegogo.com,Female
917,Bryce,Alanbrooke,balanbrookepg@shareasale.com,Polygender
918,Modesta,Madigan,mmadiganph@merriam-webster.com,Female
919,Madelon,Mattschas,mmattschaspi@twitpic.com,Genderfluid
920,Klemens,Hastelow,khastelowpj@blinklist.com,Male
921,Elianora,Major,emajorpk@timesonline.co.uk,Female
922,Alfons,McNabb,amcnabbpl@wikimedia.org,Male
923,Christin,Hearse,chearsepm@soup.io,Female
924,Pauline,Connar,pconnarpn@elegantthemes.com,Female
925,Cherri,Danilewicz,cdanilewiczpo@guardian.co.uk,Female
926,Trey,Northedge,tnorthedgepp@sogou.com,Male
927,Pamella,Falconer,pfalconerpq@flavors.me,Female
928,Arnold,Mulhall,amulhallpr@cloudflare.com,Male
929,Marleah,Bunner,mbunnerps@businessweek.com,Female
930,Dulsea,Condell,dcondellpt@360.cn,Female
931,Almira,Filon,afilonpu@cbslocal.com,Female
932,Garey,Imrie,gimriepv@europa.eu,Male
933,Novelia,Conigsby,nconigsbypw@paginegialle.it,Female
934,Gordy,Karlmann,gkarlmannpx@oakley.com,Male
935,Aviva,Sidney,asidneypy@wikia.com,Female
936,Chevy,Everett,ceverettpz@sun.com,Male
937,Birk,Cowope,bcowopeq0@squidoo.com,Male
938,Imogene,Vannoni,ivannoniq1@auda.org.au,Female
939,Verney,McKennan,vmckennanq2@mit.edu,Male
940,Terri,Linton,tlintonq3@tumblr.com,Female
941,Mark,Mellings,mmellingsq4@sitemeter.com,Male
942,Randy,Shobbrook,rshobbrookq5@blogspot.com,Male
943,Geralda,Kelmere,gkelmereq6@buzzfeed.com,Female
944,Stirling,Peploe,speploeq7@nationalgeographic.com,Male
945,Germain,Brundrett,gbrundrettq8@microsoft.com,Female
946,Scarface,Hillburn,shillburnq9@over-blog.com,Male
947,Laural,Ineson,linesonqa@guardian.co.uk,Female
948,Marvin,Gwioneth,mgwionethqb@dropbox.com,Male
949,Ingeborg,Gero,igeroqc@mysql.com,Female
950,Shelly,Ingman,singmanqd@dot.gov,Female
951,Brannon,MacWhan,bmacwhanqe@upenn.edu,Male
952,Nikki,Grishukhin,ngrishukhinqf@uol.com.br,Female
953,Ninnetta,Mariolle,nmariolleqg@drupal.org,Female
954,Hervey,Rosenblath,hrosenblathqh@dmoz.org,Male
955,Karrah,Beebe,kbeebeqi@auda.org.au,Female
956,Taffy,Aisbett,taisbettqj@nytimes.com,Female
957,Shaylah,Aronowitz,saronowitzqk@constantcontact.com,Genderqueer
958,Thoma,Yakobowitz,tyakobowitzql@sakura.ne.jp,Male
959,Giacobo,De Santos,gdesantosqm@economist.com,Male
960,Nessy,Wickham,nwickhamqn@walmart.com,Female
961,Brooks,Pach,bpachqo@japanpost.jp,Female
962,Milzie,Angeau,mangeauqp@usgs.gov,Female
963,Dalton,Ludl,dludlqq@desdev.cn,Male
964,Stewart,Wawer,swawerqr@howstuffworks.com,Male
965,Flora,Drinkhill,fdrinkhillqs@businesswire.com,Female
966,Gerianna,Stittle,gstittleqt@mozilla.com,Female
967,Jaquith,Mishaw,jmishawqu@friendfeed.com,Female
968,Pascale,Seiler,pseilerqv@state.tx.us,Male
969,Elita,Masse,emasseqw@vinaora.com,Female
970,Jasen,Dunklee,jdunkleeqx@answers.com,Male
971,Dawna,Cuncarr,dcuncarrqy@google.it,Female
972,Jacquetta,Swalwell,jswalwellqz@stumbleupon.com,Female
973,Shanan,Crabtree,scrabtreer0@smh.com.au,Male
974,Neale,Gocke,ngocker1@archive.org,Male
975,Westbrooke,Bayle,wbayler2@slideshare.net,Male
976,Cristiano,Crone,ccroner3@bloomberg.com,Male
977,Daniela,Brason,dbrasonr4@printfriendly.com,Female
978,Keir,MacKill,kmackillr5@taobao.com,Male
979,Harlin,Shoubridge,hshoubridger6@sina.com.cn,Male
980,Joya,Lothean,jlotheanr7@princeton.edu,Female
981,Aurel,McHan,amchanr8@biblegateway.com,Female
982,Hagan,Mees,hmeesr9@furl.net,Male
983,Babbette,Verson,bversonra@quantcast.com,Female
984,Josy,Lamminam,jlamminamrb@simplemachines.org,Genderfluid
985,Minda,Barkway,mbarkwayrc@noaa.gov,Female
986,Willa,Kadwallider,wkadwalliderrd@ycombinator.com,Female
987,Ingunna,Montacute,imontacutere@webnode.com,Female
988,Noel,Boatwright,nboatwrightrf@instagram.com,Male
989,Jolene,Le Guin,jleguinrg@hibu.com,Non-binary
990,Mordy,Ilson,milsonrh@myspace.com,Male
991,Kevina,Crepin,kcrepinri@blogtalkradio.com,Female
992,Hatti,Lanon,hlanonrj@domainmarket.com,Female
993,Sile,Cesconi,scesconirk@answers.com,Female
994,Quintus,Rottger,qrottgerrl@cbsnews.com,Male
995,Rikki,Badini,rbadinirm@flickr.com,Male
996,Morissa,Kinsell,mkinsellrn@si.edu,Female
997,Ceciley,Denecamp,cdenecampro@spotify.com,Female
998,Evangelia,Ekkel,eekkelrp@geocities.com,Female
999,Vincents,Sandwith,vsandwithrq@fastcompany.com,Male
1000,Ninetta,Beany,nbeanyrr@salon.com,Female
